timestamp,laser,force,pressure,cycle_state,step_index,trajectory_name
2026-09-22T12:49:20.360+01:00,37.32879932378271,1.8939793521716033,20.039092874834452,RUNNING,1,meca_zero_TO_EdgeCase2
2026-09-22T12:49:20.461+01:00,37.47847026608892,1.8881786835456427,20.01810694197702,RUNNING,1,meca_zero_TO_EdgeCase2
2026-09-22T12:49:20.561+01:00,37.65333549998945,1.880476715924312,20.005090975265247,RUNNING,1,meca_zero_TO_EdgeCase2
2026-09-22T12:49:20.661+01:00,37.85164782986994,1.8709111735411184,20.00006579746929,RUNNING,1,meca_zero_TO_EdgeCase2
2026-09-22T12:49:20.762+01:00,38.07142578448355,1.8595289084178077,20.003039447801637,RUNNING,1,meca_zero_TO_EdgeCase2
2026-09-22T12:49:20.861+01:00,38.31047341515672,1.846385670883191,20.014007169056104,RUNNING,1,meca_zero_TO_EdgeCase2
2026-09-22T12:49:20.961+01:00,38.31047341515672,1.846385670883191,20.014007169056104,PAUSED,2,EdgeCase2_TO_EdgeCase
2026-09-22T12:49:21.061+01:00,38.836655093771746,1.8315458365080517,20.032951415218335,PAUSED,2,EdgeCase2_TO_EdgeCase
2026-09-22T12:49:21.162+01:00,39.11853170831342,1.79707507315814,20.059841879535696,PAUSED,2,EdgeCase2_TO_EdgeCase
2026-09-22T12:49:21.261+01:00,39.40921566265095,1.7776129819647901,20.137276743176777,PAUSED,2,EdgeCase2_TO_EdgeCase
2026-09-22T12:49:21.362+01:00,39.70580253879993,1.7567911425264062,20.187697263237226,PAUSED,2,EdgeCase2_TO_EdgeCase
2026-09-22T12:49:21.461+01:00,40.00532893873247,1.734711540202006,20.24581644110666,PAUSED,2,EdgeCase2_TO_EdgeCase
2026-09-22T12:49:21.561+01:00,40.30480209367071,1.711482320872594,20.31154129849859,PAUSED,2,EdgeCase2_TO_EdgeCase
2026-09-22T12:49:21.661+01:00,40.60122976684316,1.6872172612426766,20.384766689661742,PAUSED,2,EdgeCase2_TO_EdgeCase
2026-09-22T12:49:21.761+01:00,40.891650150925464,1.6620352115620265,20.465375469590832,PAUSED,2,EdgeCase2_TO_EdgeCase
2026-09-22T12:49:21.861+01:00,41.17316146144007,1.636059513497229,20.553238681433605,PAUSED,2,EdgeCase2_TO_EdgeCase
2026-09-22T12:49:21.961+01:00,41.442950930427585,1.6094173960042415,20.64821576279426,PAUSED,2,EdgeCase2_TO_EdgeCase
2026-09-22T12:49:22.061+01:00,41.698322910694436,1.5822393521610545,20.750154770603324,PAUSED,2,EdgeCase2_TO_EdgeCase
2026-09-22T12:49:22.162+01:00,41.936725809828545,1.5546585000126416,20.858892624194123,PAUSED,2,EdgeCase2_TO_EdgeCase
2026-09-22T12:49:22.261+01:00,42.15577758486729,1.5268099305588518,20.974255366197077,PAUSED,2,EdgeCase2_TO_EdgeCase
2026-09-22T12:49:22.362+01:00,42.35328954288336,1.4988300460787687,21.096058440834412,PAUSED,2,EdgeCase2_TO_EdgeCase
2026-09-22T12:49:22.461+01:00,42.527288209681046,1.470855892032396,21.224106989169943,PAUSED,2,EdgeCase2_TO_EdgeCase
2026-09-22T12:49:22.562+01:00,42.676035048098015,1.4430244858120884,21.358196160841935,PAUSED,2,EdgeCase2_TO_EdgeCase
2026-09-22T12:49:22.661+01:00,42.79804382889397,1.4154721456314117,21.498111441779862,PAUSED,2,EdgeCase2_TO_EdgeCase
2026-09-22T12:49:22.761+01:00,42.89209548066194,1.3883338228386108,21.64362899738121,PAUSED,2,EdgeCase2_TO_EdgeCase
2026-09-22T12:49:22.861+01:00,42.9572502703868,1.3617424409249839,21.794516030599134,PAUSED,2,EdgeCase2_TO_EdgeCase
2026-09-22T12:49:22.961+01:00,42.992857192946936,1.335828244465668,21.950531154367972,PAUSED,2,EdgeCase2_TO_EdgeCase
2026-09-22T12:49:23.061+01:00,42.9985604757422,1.310718161181799,22.111424777771184,PAUSED,2,EdgeCase2_TO_EdgeCase
2026-09-22T12:49:23.162+01:00,42.97430313345617,1.286535180248579,22.276939505333438,PAUSED,2,EdgeCase2_TO_EdgeCase
2026-09-22T12:49:23.261+01:00,42.920327537434545,1.2633977498943665,22.446810548798556,PAUSED,2,EdgeCase2_TO_EdgeCase
2026-09-22T12:49:23.361+01:00,42.83717299399082,1.2414191972413202,22.62076615073424,PAUSED,2,EdgeCase2_TO_EdgeCase
2026-09-22T12:49:23.461+01:00,42.72567035583584,1.2207071732291976,22.79852801928592,PAUSED,2,EdgeCase2_TO_EdgeCase
2026-09-22T12:49:23.561+01:00,42.58693372047218,1.2013631253411217,22.979811773384448,PAUSED,2,EdgeCase2_TO_EdgeCase
2026-09-22T12:49:23.662+01:00,42.422349298500166,1.1834818007138475,23.164327397695054,PAUSED,2,EdgeCase2_TO_EdgeCase
2026-09-22T12:49:23.761+01:00,42.23356156305976,1.1671507820663396,23.351779706580064,PAUSED,2,EdgeCase2_TO_EdgeCase
2026-09-22T12:49:23.861+01:00,42.02245681879855,1.1524500587196647,23.541868816332986,PAUSED,2,EdgeCase2_TO_EdgeCase
2026-09-22T12:49:23.961+01:00,41.791144354539256,1.1394516348093247,23.73429062492836,PAUSED,2,EdgeCase2_TO_EdgeCase
2026-09-22T12:49:24.062+01:00,41.541935367963006,1.1282191766090504,23.928737298520268,PAUSED,2,EdgeCase2_TO_EdgeCase
2026-09-22T12:49:24.161+01:00,41.277319872886146,1.1188077006934156,24.124897763910685,PAUSED,2,EdgeCase2_TO_EdgeCase
2026-09-22T12:49:24.261+01:00,40.999941819865214,1.1112633044666873,24.32245820620031,PAUSED,2,EdgeCase2_TO_EdgeCase
2026-09-22T12:49:24.362+01:00,40.71257267871702,1.1056229403777633,24.52110257082549,PAUSED,2,EdgeCase2_TO_EdgeCase
2026-09-22T12:49:24.461+01:00,40.41808374690829,1.1019142349270932,24.720513069177997,PAUSED,2,EdgeCase2_TO_EdgeCase
2026-09-22T12:49:24.561+01:00,40.119417460500564,1.100155353352096,24.920370686999135,PAUSED,2,EdgeCase2_TO_EdgeCase
2026-09-22T12:49:24.662+01:00,39.81955799430168,1.100354910653835,25.120355694734396,PAUSED,2,EdgeCase2_TO_EdgeCase
2026-09-22T12:49:24.761+01:00,39.521501444977545,1.1025119294007477,25.320148159032577,PAUSED,2,EdgeCase2_TO_EdgeCase
2026-09-22T12:49:24.862+01:00,39.228225895044595,1.1066158445161038,25.519428454570953,PAUSED,2,EdgeCase2_TO_EdgeCase
2026-09-22T12:49:24.961+01:00,38.94266165685376,1.112646555025748,25.717877775387493,PAUSED,2,EdgeCase2_TO_EdgeCase
2026-09-22T12:49:25.061+01:00,38.66766199387805,1.1205745225126578,25.91517864490252,PAUSED,2,EdgeCase2_TO_EdgeCase
2026-09-22T12:49:25.161+01:00,38.40597461184712,1.1303609157960988,26.111015423813406,PAUSED,2,EdgeCase2_TO_EdgeCase
2026-09-22T12:49:25.261+01:00,38.16021420457987,1.1419578011267273,26.30507481505015,PAUSED,2,EdgeCase2_TO_EdgeCase
2026-09-22T12:49:25.361+01:00,37.93283632882813,1.1553083769660661,26.497046364983948,PAUSED,2,EdgeCase2_TO_EdgeCase
2026-09-22T12:49:25.461+01:00,37.72611286916528,1.1703472522004197,26.686622960086613,PAUSED,2,EdgeCase2_TO_EdgeCase
2026-09-22T12:49:25.561+01:00,37.542109338066574,1.1870007664265054,26.873501318246866,PAUSED,2,EdgeCase2_TO_EdgeCase
2026-09-22T12:49:25.662+01:00,37.38266423799127,1.205187350740081,27.05738247395689,PAUSED,2,EdgeCase2_TO_EdgeCase
2026-09-22T12:49:25.762+01:00,37.24937069167378,1.2248179272603934,27.237972256593416,PAUSED,2,EdgeCase2_TO_EdgeCase
2026-09-22T12:49:25.861+01:00,37.143560524167924,1.2457963454335863,27.41498176102803,PAUSED,2,EdgeCase2_TO_EdgeCase
2026-09-22T12:49:25.962+01:00,37.066290955691215,1.2680198529780784,27.58812780981362,PAUSED,2,EdgeCase2_TO_EdgeCase
2026-09-22T12:49:26.061+01:00,37.018334038229966,1.2913795991651698,27.75713340620801,PAUSED,2,EdgeCase2_TO_EdgeCase
2026-09-22T12:49:26.161+01:00,37.00016894145099,1.3157611679698713,27.921728177309554,PAUSED,2,EdgeCase2_TO_EdgeCase
2026-09-22T12:49:26.261+01:00,37.01197716499672,1.341045138480531,28.081648806596174,PAUSED,2,EdgeCase2_TO_EdgeCase
2026-09-22T12:49:26.361+01:00,37.05364072500077,1.3671076698223905,28.236639455175567,PAUSED,2,EdgeCase2_TO_EdgeCase
2026-09-22T12:49:26.461+01:00,37.12474333294372,1.3938211077301417,28.386452171072964,PAUSED,2,EdgeCase2_TO_EdgeCase
2026-09-22T12:49:26.561+01:00,37.224574555070404,1.4210546097984476,28.530847285901245,PAUSED,2,EdgeCase2_TO_EdgeCase
2026-09-22T12:49:26.662+01:00,37.35213691080914,1.4486747863479674,28.669593798279333,PAUSED,2,EdgeCase2_TO_EdgeCase
2026-09-22T12:49:26.761+01:00,37.50615583926791,1.4765463537679584,28.8024697433851,PAUSED,2,EdgeCase2_TO_EdgeCase
2026-09-22T12:49:26.861+01:00,37.685092434225425,1.5045327971353104,28.929262548051714,PAUSED,2,EdgeCase2_TO_EdgeCase
2026-09-22T12:49:26.961+01:00,37.88715882037346,1.5324970388645898,29.04976937083944,PAUSED,2,EdgeCase2_TO_EdgeCase
2026-09-22T12:49:27.061+01:00,38.110336017175875,1.560302110113975,29.163797426538544,PAUSED,2,EdgeCase2_TO_EdgeCase
2026-09-22T12:49:27.162+01:00,38.35239411185481,1.5878118216585657,29.2711642945846,PAUSED,2,EdgeCase2_TO_EdgeCase
2026-09-22T12:49:27.261+01:00,38.61091453994199,1.6148914309451574,29.37169821089244,PAUSED,2,EdgeCase2_TO_EdgeCase
2026-09-22T12:49:27.370+01:00,38.883314250775456,1.6414083020611763,29.465238342642053,PAUSED,2,EdgeCase2_TO_EdgeCase
2026-09-22T12:49:27.461+01:00,39.166871516487944,1.6672325553853315,29.55163504557683,RUNNING,2,EdgeCase2_TO_EdgeCase
2026-09-22T12:49:27.561+01:00,39.166871516487944,1.6672325553853315,29.55163504557683,RUNNING,2,EdgeCase2_TO_EdgeCase
2026-09-22T12:49:27.662+01:00,39.458753126612024,1.6922377037379253,29.630750103402377,RUNNING,2,EdgeCase2_TO_EdgeCase
2026-09-22T12:49:27.762+01:00,39.75604269658257,1.716301271914988,29.702456948903148,RUNNING,2,EdgeCase2_TO_EdgeCase
2026-09-22T12:49:27.862+01:00,40.35493968451265,1.7393053965717828,29.766640866422986,RUNNING,2,EdgeCase2_TO_EdgeCase
2026-09-22T12:49:27.961+01:00,40.65056312173782,1.7816903595928493,29.823199175385692,RUNNING,2,EdgeCase2_TO_EdgeCase
2026-09-22T12:49:28.061+01:00,40.939686347298164,1.8008635964297186,29.91308938682056,RUNNING,2,EdgeCase2_TO_EdgeCase
2026-09-22T12:49:28.161+01:00,41.21942053749531,1.8185632035236787,29.94627748412997,RUNNING,2,EdgeCase2_TO_EdgeCase
2026-09-22T12:49:28.261+01:00,41.48697068076864,1.8347024882081526,29.971552592614355,RUNNING,2,EdgeCase2_TO_EdgeCase
2026-09-22T12:49:28.361+01:00,41.7396635045269,1.8492024002749283,29.98887427749188,RUNNING,2,EdgeCase2_TO_EdgeCase
2026-09-22T12:49:28.461+01:00,41.97497418560422,1.8619919191620495,29.998214827761842,RUNNING,2,EdgeCase2_TO_EdgeCase
2026-09-22T12:49:28.561+01:00,42.190551577458656,1.8730084018124864,29.999559300536347,RUNNING,2,EdgeCase2_TO_EdgeCase
2026-09-22T12:49:28.662+01:00,42.384241702051206,1.882197889499796,29.992905544945764,RUNNING,2,EdgeCase2_TO_EdgeCase
2026-09-22T12:49:28.762+01:00,42.554109271682385,1.8895153721179423,29.97826420557964,RUNNING,2,EdgeCase2_TO_EdgeCase
2026-09-22T12:49:28.861+01:00,42.698457025747196,1.894925008640767,29.955658705457658,RUNNING,2,EdgeCase2_TO_EdgeCase
2026-09-22T12:49:28.962+01:00,42.81584268920204,1.8984003026713225,29.925125208557745,RUNNING,2,EdgeCase2_TO_EdgeCase
2026-09-22T12:49:29.061+01:00,42.905093383300226,1.8999242322212078,29.88671256196148,RUNNING,2,EdgeCase2_TO_EdgeCase
2026-09-22T12:49:29.162+01:00,42.96531734460868,1.8994893330842588,29.840482217709162,RUNNING,2,EdgeCase2_TO_EdgeCase
2026-09-22T12:49:29.262+01:00,42.99591283521339,1.8970977353962282,29.786508134489644,RUNNING,2,EdgeCase2_TO_EdgeCase
2026-09-22T12:49:29.361+01:00,42.996574155085774,1.8927611532013808,29.724876659322227,RUNNING,2,EdgeCase2_TO_EdgeCase
2026-09-22T12:49:29.461+01:00,42.967294696536264,1.8865008270771102,29.65568638941982,RUNNING,2,EdgeCase2_TO_EdgeCase
2026-09-22T12:49:29.562+01:00,42.90836701023619,1.878347420097601,29.579048014454465,RUNNING,2,EdgeCase2_TO_EdgeCase
2026-09-22T12:49:29.662+01:00,42.82037988214815,1.8683408676461102,29.495084139477463,RUNNING,2,EdgeCase2_TO_EdgeCase
2026-09-22T12:49:29.761+01:00,42.70421245057133,1.8565301818114741,29.40392908877744,RUNNING,2,EdgeCase2_TO_EdgeCase
2026-09-22T12:49:29.861+01:00,42.561025422082196,1.8429732113269306,29.305728690990154,RUNNING,2,EdgeCase2_TO_EdgeCase
2026-09-22T12:49:29.962+01:00,42.39224947413806,1.8277363582270443,29.200640045803738,RUNNING,2,EdgeCase2_TO_EdgeCase
2026-09-22T12:49:30.061+01:00,42.19957096022089,1.8108942526105782,29.08883127263278,RUNNING,2,EdgeCase2_TO_EdgeCase
2026-09-22T12:49:30.161+01:00,41.98491506035069,1.7925293871023138,28.970481241663098,RUNNING,2,EdgeCase2_TO_EdgeCase
2026-09-22T12:49:30.261+01:00,41.750426545323144,1.772731712804204,28.84577928769758,RUNNING,2,EdgeCase2_TO_EdgeCase
2026-09-22T12:49:30.361+01:00,41.49844834686882,1.751598198714936,28.71492490726093,RUNNING,2,EdgeCase2_TO_EdgeCase
2026-09-22T12:49:30.461+01:00,41.231498147853756,1.729232356775812,28.578127439447687,RUNNING,2,EdgeCase2_TO_EdgeCase
2026-09-22T12:49:30.561+01:00,40.95224322642451,1.7057437348693176,28.43560573102447,RUNNING,2,EdgeCase2_TO_EdgeCase
2026-09-22T12:49:30.661+01:00,40.66347380544658,1.6812473802536572,28.28758778632175,RUNNING,2,EdgeCase2_TO_EdgeCase
2026-09-22T12:49:30.761+01:00,40.36807517351991,1.6558632760613243,28.13431040247557,RUNNING,2,EdgeCase2_TO_EdgeCase
2026-09-22T12:49:30.861+01:00,40.068998856128914,1.6297157536217999,27.976018790602687,RUNNING,2,EdgeCase2_TO_EdgeCase
2026-09-22T12:49:30.962+01:00,39.769233124975464,1.6029328834867445,27.81296618351496,RUNNING,2,EdgeCase2_TO_EdgeCase
2026-09-22T12:49:31.061+01:00,39.471773140155875,1.57564584814051,27.645413430601053,RUNNING,2,EdgeCase2_TO_EdgeCase
2026-09-22T12:49:31.161+01:00,39.17959102351126,1.5479882994684053,27.473628580522956,RUNNING,2,EdgeCase2_TO_EdgeCase
2026-09-22T12:49:31.262+01:00,38.89560616216857,1.5200957041298104,27.297886452395307,RUNNING,2,EdgeCase2_TO_EdgeCase
2026-09-22T12:49:31.361+01:00,38.62265603898942,1.4921046800425704,27.11846819613349,RUNNING,2,EdgeCase2_TO_EdgeCase
2026-09-22T12:49:31.462+01:00,38.36346788137931,1.4641523272284822,26.93566084267361,RUNNING,2,EdgeCase2_TO_EdgeCase
2026-09-22T12:49:31.561+01:00,38.12063141173285,1.4363755562974672,26.749756844784407,RUNNING,2,EdgeCase2_TO_EdgeCase
2026-09-22T12:49:31.662+01:00,37.896572971783705,1.4089104178594802,26.561053609205103,RUNNING,2,EdgeCase2_TO_EdgeCase
2026-09-22T12:49:31.761+01:00,37.693531279399956,1.3818914361486727,26.36985302085808,RUNNING,2,EdgeCase2_TO_EdgeCase
2026-09-22T12:49:31.861+01:00,37.51353506005525,1.3554509501237826,26.176460959897444,RUNNING,2,EdgeCase2_TO_EdgeCase
2026-09-22T12:49:31.961+01:00,37.358382776474436,1.3297184652719634,25.98118681236589,RUNNING,2,EdgeCase2_TO_EdgeCase
2026-09-22T12:49:32.061+01:00,37.22962465898853,1.3048200192909816,25.78434297524324,RUNNING,2,EdgeCase2_TO_EdgeCase
2026-09-22T12:49:32.161+01:00,37.12854721614566,1.280877564756645,25.58624435667778,RUNNING,2,EdgeCase2_TO_EdgeCase
2026-09-22T12:49:32.261+01:00,37.05616038034298,1.2580083717991293,25.38720787220043,RUNNING,2,EdgeCase2_TO_EdgeCase
2026-09-22T12:49:32.362+01:00,37.0131874169159,1.2363244537139606,25.187551937727534,RUNNING,2,EdgeCase2_TO_EdgeCase
2026-09-22T12:49:32.462+01:00,37.00005769751002,1.2159320183209334,24.987595960163183,RUNNING,2,EdgeCase2_TO_EdgeCase
2026-09-22T12:49:32.561+01:00,37.01690240994154,1.196930947758271,24.78765982641652,RUNNING,2,EdgeCase2_TO_EdgeCase
2026-09-22T12:49:32.662+01:00,37.06355324741195,1.1794143092599678,24.588063391650767,RUNNING,2,EdgeCase2_TO_EdgeCase
2026-09-22T12:49:32.761+01:00,37.139544090173985,1.1634678993125118,24.38912596758325,RUNNING,2,EdgeCase2_TO_EdgeCase
2026-09-22T12:49:32.861+01:00,37.24411566284598,1.149169823423751,24.191165811654795,RUNNING,2,EdgeCase2_TO_EdgeCase
2026-09-22T12:49:32.961+01:00,37.37622312084057,1.1365901135621443,23.994499617885563,RUNNING,2,EdgeCase2_TO_EdgeCase
2026-09-22T12:49:33.061+01:00,37.53454649010639,1.1257903851402202,23.799442010232404,RUNNING,2,EdgeCase2_TO_EdgeCase
2026-09-22T12:49:33.161+01:00,37.71750385587249,1.1168235352223208,23.606305039257496,RUNNING,2,EdgeCase2_TO_EdgeCase
2026-09-22T12:49:33.262+01:00,37.9232671686178,1.1097334834347998,23.41539768291404,RUNNING,2,EdgeCase2_TO_EdgeCase
2026-09-22T12:49:33.361+01:00,38.14978050933767,1.1045549568477226,23.22702535224749,RUNNING,2,EdgeCase2_TO_EdgeCase
2026-09-22T12:49:33.462+01:00,38.394780631606984,1.101313319881689,23.041489402802892,RUNNING,2,EdgeCase2_TO_EdgeCase
2026-09-22T12:49:33.562+01:00,38.65581957519031,1.1000244500729155,22.859086652520496,RUNNING,2,EdgeCase2_TO_EdgeCase
2026-09-22T12:49:33.662+01:00,38.93028912525135,1.1006946603050736,22.680108906890247,RUNNING,2,EdgeCase2_TO_EdgeCase
2026-09-22T12:49:33.761+01:00,39.21544687277348,1.1033206678887857,22.504842492125267,RUNNING,2,EdgeCase2_TO_EdgeCase
2026-09-22T12:49:33.861+01:00,39.50844361580407,1.1078896106402365,22.333567797101036,RUNNING,2,EdgeCase2_TO_EdgeCase
2026-09-22T12:49:33.961+01:00,39.80635182773861,1.1143791098801439,22.16655882479288,RUNNING,2,EdgeCase2_TO_EdgeCase
2026-09-22T12:49:34.061+01:00,40.10619490819881,1.1227573800445192,22.00408275392984,RUNNING,2,EdgeCase2_TO_EdgeCase
2026-09-22T12:49:34.161+01:00,40.404976924239655,1.1329833843703394,21.846399511565586,RUNNING,2,EdgeCase2_TO_EdgeCase
2026-09-22T12:49:34.262+01:00,40.69971254472107,1.1450070358935993,21.693761357250605,RUNNING,2,EdgeCase2_TO_EdgeCase
2026-09-22T12:49:34.362+01:00,40.98745686874985,1.1587694427752258,21.546412479470753,RUNNING,2,EdgeCase2_TO_EdgeCase
2026-09-22T12:49:34.461+01:00,41.26533485015593,1.1742031967532855,21.404588604997677,RUNNING,2,EdgeCase2_TO_EdgeCase
2026-09-22T12:49:34.561+01:00,41.530570024003346,1.1912327033086139,21.268516621776413,RUNNING,2,EdgeCase2_TO_EdgeCase
2026-09-22T12:49:34.662+01:00,41.7805122481101,1.2097745519267256,21.138414215952974,RUNNING,2,EdgeCase2_TO_EdgeCase
2026-09-22T12:49:34.761+01:00,42.01266418239285,1.2297379246424858,21.014489523622977,RUNNING,2,EdgeCase2_TO_EdgeCase
2026-09-22T12:49:34.862+01:00,42.224706241463444,1.251025040866441,20.896940797858313,RUNNING,2,EdgeCase2_TO_EdgeCase
2026-09-22T12:49:34.961+01:00,42.414519771159455,1.2735316363141118,20.785956091544442,RUNNING,2,EdgeCase2_TO_EdgeCase
2026-09-22T12:49:35.061+01:00,42.580208217436166,1.2971474736923985,20.681712956536007,RUNNING,2,EdgeCase2_TO_EdgeCase
2026-09-22T12:49:35.161+01:00,42.72011607610769,1.3217568826417807,20.58437815961168,RUNNING,2,EdgeCase2_TO_EdgeCase
2026-09-22T12:49:35.261+01:00,42.83284543409759,1.3472393262896951,20.494107415682883,RUNNING,2,EdgeCase2_TO_EdgeCase
2026-09-22T12:49:35.361+01:00,42.917269936924185,1.3734699916400577,20.411045138683193,RUNNING,2,EdgeCase2_TO_EdgeCase
2026-09-22T12:49:35.461+01:00,42.97254604286227,1.400320400907272,20.335324210536765,RUNNING,2,EdgeCase2_TO_EdgeCase
2026-09-22T12:49:35.562+01:00,42.99812145133316,1.4276590408003518,20.267065768575712,RUNNING,2,EdgeCase2_TO_EdgeCase
2026-09-22T12:49:35.661+01:00,42.99374062130953,1.4553520066749435,20.206379011746154,RUNNING,2,EdgeCase2_TO_EdgeCase
2026-09-22T12:49:35.761+01:00,42.95944732459685,1.4832636583982275,20.153361025913195,RUNNING,2,EdgeCase2_TO_EdgeCase
2026-09-22T12:49:35.861+01:00,42.895584208480024,1.511257284714196,20.108096628544278,RUNNING,2,EdgeCase2_TO_EdgeCase
2026-09-22T12:49:35.961+01:00,42.802789372104954,1.539195772855337,20.070658233019287,RUNNING,2,EdgeCase2_TO_EdgeCase
2026-09-22T12:49:36.061+01:00,42.6819899908028,1.56694228012089,20.041105732784636,RUNNING,2,EdgeCase2_TO_EdgeCase
2026-09-22T12:49:36.161+01:00,42.53439305206057,1.5943609041323188,20.019486405536504,RUNNING,2,EdgeCase2_TO_EdgeCase
2026-09-22T12:49:36.261+01:00,42.36147329570112,1.6213173484831096,20.00583483758661,RUNNING,2,EdgeCase2_TO_EdgeCase
2026-09-22T12:49:36.361+01:00,42.1649584787703,1.6476795805224818,20.000172868531504,RUNNING,2,EdgeCase2_TO_EdgeCase
2026-09-22T12:49:36.461+01:00,41.94681211235975,1.6733184780512635,20.00250955631384,RUNNING,2,EdgeCase2_TO_EdgeCase
2026-09-22T12:49:36.561+01:00,41.709213842853025,1.6981084617623488,20.012841162731636,RUNNING,2,EdgeCase2_TO_EdgeCase
2026-09-22T12:49:36.661+01:00,41.45453767361949,1.7219281103280735,20.031151159418584,RUNNING,2,EdgeCase2_TO_EdgeCase
2026-09-22T12:49:36.761+01:00,41.185328244757386,1.7446607551218332,20.05741025428591,RUNNING,2,EdgeCase2_TO_EdgeCase
2026-09-22T12:49:36.861+01:00,40.90427540789109,1.7661950516609393,20.091576438383456,RUNNING,2,EdgeCase2_TO_EdgeCase
2026-09-22T12:49:36.961+01:00,40.614187350062856,1.786425524971854,20.133595053105083,RUNNING,2,EdgeCase2_TO_EdgeCase
2026-09-22T12:49:37.061+01:00,40.31796253525614,1.8052530862065501,20.18339887763072,RUNNING,2,EdgeCase2_TO_EdgeCase
2026-09-22T12:49:37.161+01:00,40.01856074390159,1.8225855179796335,20.240908236465373,RUNNING,2,EdgeCase2_TO_EdgeCase
2026-09-22T12:49:37.262+01:00,39.71897349972933,1.8383379260490633,20.30603112690292,RUNNING,2,EdgeCase2_TO_EdgeCase
2026-09-22T12:49:37.361+01:00,39.422194179452774,1.8524331551280913,20.378663366210787,RUNNING,2,EdgeCase2_TO_EdgeCase
2026-09-22T12:49:37.462+01:00,39.13118810393791,1.8648021667918306,20.45868875830016,RUNNING,2,EdgeCase2_TO_EdgeCase
2026-09-22T12:49:37.562+01:00,38.848862909697466,1.875384377627418,20.545979279614855,RUNNING,2,EdgeCase2_TO_EdgeCase
2026-09-22T12:49:37.661+01:00,38.578039496748,1.8841279559715423,20.640395283941753,RUNNING,2,EdgeCase2_TO_EdgeCase
2026-09-22T12:49:37.761+01:00,38.321423843109365,1.8909900757819003,20.74178572581494,RUNNING,2,EdgeCase2_TO_EdgeCase
2026-09-22T12:49:37.862+01:00,38.08157996756688,1.8959371263991383,20.849988402156207,RUNNING,2,EdgeCase2_TO_EdgeCase
2026-09-22T12:49:37.962+01:00,37.86090431084311,1.8989448771718391,20.96483021176545,RUNNING,2,EdgeCase2_TO_EdgeCase
2026-09-22T12:49:38.061+01:00,37.661601791154375,1.899998596138242,21.086127432245554,RUNNING,2,EdgeCase2_TO_EdgeCase
2026-09-22T12:49:38.161+01:00,37.48566377339674,1.8990931221833827,21.21368601391912,RUNNING,2,EdgeCase2_TO_EdgeCase
2026-09-22T12:49:38.261+01:00,37.33484817208627,1.8962328903182337,21.347301890266504,RUNNING,2,EdgeCase2_TO_EdgeCase
2026-09-22T12:49:38.361+01:00,37.21066188685824,1.891431909957022,21.486761304388736,RUNNING,2,EdgeCase2_TO_EdgeCase
2026-09-22T12:49:38.461+01:00,37.11434574602413,1.8847136962991244,21.631841150973017,RUNNING,2,EdgeCase2_TO_EdgeCase
2026-09-22T12:49:38.561+01:00,37.04686210862526,1.8761111551516345,21.782309333213508,RUNNING,2,EdgeCase2_TO_EdgeCase
2026-09-22T12:49:38.661+01:00,37.008885248859414,1.8656664217567323,21.93792513411679,RUNNING,2,EdgeCase2_TO_EdgeCase
2026-09-22T12:49:38.761+01:00,37.00079461895587,1.8534306544132997,22.098439601597686,RUNNING,2,EdgeCase2_TO_EdgeCase
2026-09-22T12:49:38.861+01:00,37.022671057814236,1.8394637839035846,22.263595946749458,RUNNING,2,EdgeCase2_TO_EdgeCase
2026-09-22T12:49:38.961+01:00,37.07429598328881,1.8238342199522686,22.433129954651392,RUNNING,2,EdgeCase2_TO_EdgeCase
2026-09-22T12:49:39.062+01:00,37.1551535761892,1.8066185161556676,22.606770407056146,RUNNING,2,EdgeCase2_TO_EdgeCase
2026-09-22T12:49:39.161+01:00,37.2644359341751,1.787900995022253,22.784239516281193,RUNNING,2,EdgeCase2_TO_EdgeCase
2026-09-22T12:49:39.261+01:00,37.40105114404946,1.7677733349610625,22.96525336960983,RUNNING,2,EdgeCase2_TO_EdgeCase
2026-09-22T12:49:39.361+01:00,37.5636341917942,1.7463341212408758,23.14952238349093,RUNNING,2,EdgeCase2_TO_EdgeCase
2026-09-22T12:49:39.462+01:00,37.750560601339075,1.7236883631196345,23.336751766810966,RUNNING,2,EdgeCase2_TO_EdgeCase
2026-09-22T12:49:39.561+01:00,37.95996266578956,1.6999469795091446,23.526641992496742,RUNNING,2,EdgeCase2_TO_EdgeCase
2026-09-22T12:49:39.661+01:00,38.18974810893678,1.6752262556942992,23.718889276694913,RUNNING,2,EdgeCase2_TO_EdgeCase
2026-09-22T12:49:39.761+01:00,38.4376209905898,1.6496472737678305,23.913186064761323,RUNNING,2,EdgeCase2_TO_EdgeCase
2026-09-22T12:49:39.861+01:00,38.70110464685099,1.6233353195702522,24.10922152328281,RUNNING,2,EdgeCase2_TO_EdgeCase
2026-09-22T12:49:39.961+01:00,38.97756643612314,1.5964192690398957,24.306682037344466,RUNNING,2,EdgeCase2_TO_EdgeCase
2026-09-22T12:49:40.062+01:00,39.26424404359394,1.569030956978624,24.50525171224643,RUNNING,2,EdgeCase2_TO_EdgeCase
2026-09-22T12:49:40.161+01:00,39.55827308137256,1.5413045313250335,24.70461287886813,RUNNING,2,EdgeCase2_TO_EdgeCase
2026-09-22T12:49:40.262+01:00,39.8567157085066,1.5133757960979421,24.90444660187108,RUNNING,2,EdgeCase2_TO_EdgeCase
2026-09-22T12:49:40.361+01:00,40.15658998491776,1.4853815462283384,25.104433189927363,RUNNING,2,EdgeCase2_TO_EdgeCase
2026-09-22T12:49:40.461+01:00,40.45489966596138,1.4574588975379033,25.30425270715769,RUNNING,2,EdgeCase2_TO_EdgeCase
2026-09-22T12:49:40.561+01:00,40.748664139912556,1.4297446151457778,25.503585484960347,RUNNING,2,EdgeCase2_TO_EdgeCase
2026-09-22T12:49:40.661+01:00,41.03494820925319,1.4023744435930743,25.70211263341291,RUNNING,2,EdgeCase2_TO_EdgeCase
2026-09-22T12:49:40.761+01:00,41.310891418195354,1.3754824419662042,25.89951655142805,RUNNING,2,EdgeCase2_TO_EdgeCase
2026-09-22T12:49:40.861+01:00,41.57373663341001,1.349200327275508,26.0954814348475,RUNNING,2,EdgeCase2_TO_EdgeCase
2026-09-22T12:49:40.961+01:00,41.820857592391796,1.3236568293054274,26.289693781661473,RUNNING,2,EdgeCase2_TO_EdgeCase
2026-09-22T12:49:41.062+01:00,42.049785144205906,1.2989770600960804,26.48184289354479,RUNNING,2,EdgeCase2_TO_EdgeCase
2026-09-22T12:49:41.162+01:00,42.258231920427995,1.2752819011445478,26.671621372908056,RUNNING,2,EdgeCase2_TO_EdgeCase
2026-09-22T12:49:41.261+01:00,42.4441151897734,1.252687411327381,26.858725614668213,RUNNING,2,EdgeCase2_TO_EdgeCase
2026-09-22T12:49:41.361+01:00,42.60557766805965,1.2313042584442537,27.04285629195185,RUNNING,2,EdgeCase2_TO_EdgeCase
2026-09-22T12:49:41.461+01:00,42.741006075576124,1.2112371771671562,27.223718834954497,RUNNING,2,EdgeCase2_TO_EdgeCase
2026-09-22T12:49:41.561+01:00,42.849047256441594,1.192584456050018,27.40102390218927,RUNNING,2,EdgeCase2_TO_EdgeCase
2026-09-22T12:49:41.661+01:00,42.92862169889051,1.1754374561114194,27.574487843371653,RUNNING,2,EdgeCase2_TO_EdgeCase
2026-09-22T12:49:41.762+01:00,42.97893432139774,1.15988016334838,27.743833153199425,RUNNING,2,EdgeCase2_TO_EdgeCase
2026-09-22T12:49:41.861+01:00,42.999482416870336,1.1459887773729691,27.908788915301905,RUNNING,2,EdgeCase2_TO_EdgeCase
2026-09-22T12:49:41.961+01:00,42.99006067553063,1.1338313381866576,28.06909123564847,RUNNING,2,EdgeCase2_TO_EdgeCase
2026-09-22T12:49:42.061+01:00,42.95076323630367,1.1234673929204213,28.224483664722545,RUNNING,2,EdgeCase2_TO_EdgeCase
2026-09-22T12:49:42.162+01:00,42.88198274621222,1.1149477041729228,28.374717607786224,RUNNING,2,EdgeCase2_TO_EdgeCase
2026-09-22T12:49:42.262+01:00,42.78440643717746,1.1083140013753352,28.51955272257881,RUNNING,2,EdgeCase2_TO_EdgeCase
2026-09-22T12:49:42.362+01:00,42.65900925942481,1.1035987764005986,28.658757303813136,RUNNING,2,EdgeCase2_TO_EdgeCase
2026-09-22T12:49:42.461+01:00,42.50704414010361,1.100825124418251,28.792108653854605,RUNNING,2,EdgeCase2_TO_EdgeCase
2026-09-22T12:49:42.562+01:00,42.3300294644531,1.1000066307742966,28.919393438989964,RUNNING,2,EdgeCase2_TO_EdgeCase
2026-09-22T12:49:42.661+01:00,42.129733904599114,1.1011473044501894,29.040408030715618,RUNNING,2,EdgeCase2_TO_EdgeCase
2026-09-22T12:49:42.761+01:00,41.908158747566816,1.1042415584268424,29.154958831499865,RUNNING,2,EdgeCase2_TO_EdgeCase
2026-09-22T12:49:42.861+01:00,41.66751789908224,1.1092742370498452,29.26286258449766,RUNNING,2,EdgeCase2_TO_EdgeCase
2026-09-22T12:49:42.962+01:00,41.41021576295818,1.1162206902618519,29.363946666722427,RUNNING,2,EdgeCase2_TO_EdgeCase
2026-09-22T12:49:43.061+01:00,41.138823217086,1.1250468943385488,29.458049365206094,RUNNING,2,EdgeCase2_TO_EdgeCase
2026-09-22T12:49:43.161+01:00,40.8560519260736,1.1357096185368414,29.54502013570524,RUNNING,2,EdgeCase2_TO_EdgeCase
2026-09-22T12:49:43.261+01:00,40.56472724718901,1.1481566368390035,29.624719843539843,RUNNING,2,EdgeCase2_TO_EdgeCase
2026-09-22T12:49:43.361+01:00,40.26776000032453,1.1623269837556984,29.69702098617907,RUNNING,2,EdgeCase2_TO_EdgeCase
2026-09-22T12:49:43.461+01:00,39.96811738404649,1.1781512529349065,29.761807897218098,RUNNING,2,EdgeCase2_TO_EdgeCase
2026-09-22T12:49:43.561+01:00,39.668793328328064,1.1955519371142034,29.818976931419765,RUNNING,2,EdgeCase2_TO_EdgeCase
2026-09-22T12:49:43.661+01:00,39.37277858019061,1.2144438077512978,29.868436630524748,RUNNING,2,EdgeCase2_TO_EdgeCase
2026-09-22T12:49:43.761+01:00,39.083030821148064,1.2347343324733713,29.910107869565312,RUNNING,2,EdgeCase2_TO_EdgeCase
2026-09-22T12:49:43.862+01:00,38.80244511503089,1.256324128300617,29.94392398344839,RUNNING,2,EdgeCase2_TO_EdgeCase
2026-09-22T12:49:43.961+01:00,38.533824981465315,1.2791074484240101,29.969830873605478,RUNNING,2,EdgeCase2_TO_EdgeCase
2026-09-22T12:49:44.061+01:00,38.27985438403191,1.3029727001531268,29.987787094538845,RUNNING,2,EdgeCase2_TO_EdgeCase
2026-09-22T12:49:44.161+01:00,38.04307091298871,1.3278029914970926,29.99776392012545,RUNNING,2,EdgeCase2_TO_EdgeCase
2026-09-22T12:49:44.261+01:00,37.82584043050818,1.3534767037014725,29.999745389572627,RUNNING,2,EdgeCase2_TO_EdgeCase
2026-09-22T12:49:44.361+01:00,37.6303334317644,1.3798680869368998,29.993728332951957,RUNNING,2,EdgeCase2_TO_EdgeCase
2026-09-22T12:49:44.461+01:00,37.458503358062806,1.406847876221656,29.97972237627046,RUNNING,2,EdgeCase2_TO_EdgeCase
2026-09-22T12:49:44.561+01:00,37.31206707870035,1.4342839245614916,29.957749926071045,RUNNING,2,EdgeCase2_TO_EdgeCase
2026-09-22T12:49:44.662+01:00,37.192487736575025,1.4620418502055412,29.927846133586833,RUNNING,2,EdgeCase2_TO_EdgeCase
2026-09-22T12:49:44.762+01:00,37.10096012894567,1.4899856948480508,29.89005883850665,RUNNING,2,EdgeCase2_TO_EdgeCase
2026-09-22T12:49:44.861+01:00,37.038398769412716,1.5179785895521214,29.844448492441778,RUNNING,2,EdgeCase2_TO_EdgeCase
2026-09-22T12:49:44.961+01:00,37.005428750400576,1.545883425133673,29.791088062216236,RUNNING,2,EdgeCase2_TO_EdgeCase
2026-09-22T12:49:45.062+01:00,37.00237949744078,1.5735635237221628,29.730062913135416,RUNNING,2,EdgeCase2_TO_EdgeCase
2026-09-22T12:49:45.161+01:00,37.02928147766095,1.6008833082087313,29.661470672419853,RUNNING,2,EdgeCase2_TO_EdgeCase
2026-09-22T12:49:45.261+01:00,37.085865895367355,1.627708966302791,29.585421073022456,RUNNING,2,EdgeCase2_TO_EdgeCase
2026-09-22T12:49:45.361+01:00,37.17156737776258,1.6539091059445923,29.502035778079218,RUNNING,2,EdgeCase2_TO_EdgeCase
2026-09-22T12:49:45.461+01:00,37.28552962396367,1.6793553988634409,29.411448186274146,RUNNING,2,EdgeCase2_TO_EdgeCase
2026-09-22T12:49:45.561+01:00,37.42661396087751,1.7039232091295107,29.313803218429776,RUNNING,2,EdgeCase2_TO_EdgeCase
2026-09-22T12:49:45.661+01:00,37.59341072044593,1.7274922036205682,29.20925708566486,RUNNING,2,EdgeCase2_TO_EdgeCase
2026-09-22T12:49:45.762+01:00,37.784253324583,1.7499469414135258,29.097977039489834,RUNNING,2,EdgeCase2_TO_EdgeCase
2026-09-22T12:49:45.861+01:00,37.99723493707236,1.7711774392140531,28.980141104240104,RUNNING,2,EdgeCase2_TO_EdgeCase
2026-09-22T12:49:45.961+01:00,38.23022751604439,1.7910797100546776,28.855937792275093,RUNNING,2,EdgeCase2_TO_EdgeCase
2026-09-22T12:49:46.061+01:00,38.48090307666708,1.8095562726229037,28.725565802398616,RUNNING,2,EdgeCase2_TO_EdgeCase
2026-09-22T12:49:46.161+01:00,38.74675695160104,1.8265166287246348,28.589233701983282,RUNNING,2,EdgeCase2_TO_EdgeCase
2026-09-22T12:49:46.261+01:00,39.025132816807535,1.8418777065442695,28.44715959330713,RUNNING,2,EdgeCase2_TO_EdgeCase
2026-09-22T12:49:46.361+01:00,39.31324923266023,1.855564267530432,28.299570764636517,RUNNING,2,EdgeCase2_TO_EdgeCase
2026-09-22T12:49:46.462+01:00,39.60822743517056,1.8675092749143452,28.146703326613398,RUNNING,2,EdgeCase2_TO_EdgeCase
2026-09-22T12:49:46.561+01:00,39.90712009964588,1.8776542220558932,27.98880183452858,RUNNING,2,EdgeCase2_TO_EdgeCase
2026-09-22T12:49:46.661+01:00,40.20694078938352,1.8859494190091175,27.82611889708557,RUNNING,2,EdgeCase2_TO_EdgeCase
2026-09-22T12:49:46.761+01:00,40.50469379515918,1.8923542359035401,27.658914772280436,RUNNING,2,EdgeCase2_TO_EdgeCase
2026-09-22T12:49:46.861+01:00,40.79740406736319,1.896837301949258,27.48745695104455,RUNNING,2,EdgeCase2_TO_EdgeCase
2026-09-22T12:49:46.961+01:00,41.08214694171285,1.8993766590910504,27.31201972931621,RUNNING,2,EdgeCase2_TO_EdgeCase
2026-09-22T12:49:47.061+01:00,41.356077361531135,1.899959869558923,27.1328837692255,RUNNING,2,EdgeCase2_TO_EdgeCase
2026-09-22T12:49:47.161+01:00,41.61645830461258,1.8985840767882995,26.95033565009497,RUNNING,2,EdgeCase2_TO_EdgeCase
2026-09-22T12:49:47.261+01:00,41.86068813064441,1.8952560194114736,26.7646674099737,RUNNING,2,EdgeCase2_TO_EdgeCase
2026-09-22T12:49:47.362+01:00,42.086326575936575,1.8899919982517912,26.576176078438777,RUNNING,2,EdgeCase2_TO_EdgeCase
2026-09-22T12:49:47.461+01:00,42.29111913572985,1.8828177964822261,26.385163201411352,RUNNING,2,EdgeCase2_TO_EdgeCase
2026-09-22T12:49:47.562+01:00,42.473019590462215,1.873768553339411,26.191934358747357,RUNNING,2,EdgeCase2_TO_EdgeCase
2026-09-22T12:49:47.661+01:00,42.63021045091828,1.8628885920116736,25.996798675375135,RUNNING,2,EdgeCase2_TO_EdgeCase
2026-09-22T12:49:47.762+01:00,42.76112111798074,1.85023120254409,25.80006832676136,RUNNING,2,EdgeCase2_TO_EdgeCase
2026-09-22T12:49:47.861+01:00,42.86444357553764,1.8358583808238582,25.602058039496903,RUNNING,2,EdgeCase2_TO_EdgeCase
2026-09-22T12:49:47.961+01:00,42.86444357553764,1.8358583808238582,25.602058039496903,PAUSED,3,EdgeCase_TO_3p5_station
2026-09-22T12:49:48.062+01:00,42.98448037407476,1.8198405249244838,25.403084587801484,PAUSED,3,EdgeCase_TO_3p5_station
2026-09-22T12:49:48.161+01:00,42.999995347042876,1.7831912054904484,25.20346628675234,PAUSED,3,EdgeCase_TO_3p5_station
2026-09-22T12:49:48.261+01:00,42.98553535816996,1.762739250303814,24.803573044122647,PAUSED,3,EdgeCase_TO_3p5_station
2026-09-22T12:49:48.361+01:00,42.941244886884995,1.7410003984022848,24.603937846424294,PAUSED,3,EdgeCase_TO_3p5_station
2026-09-22T12:49:48.461+01:00,42.86756646893657,1.7180811266714624,24.404936263682945,PAUSED,3,EdgeCase_TO_3p5_station
2026-09-22T12:49:48.562+01:00,42.76523627472199,1.6940936936926743,24.206886655979506,PAUSED,3,EdgeCase_TO_3p5_station
2026-09-22T12:49:48.662+01:00,42.63527675371597,1.6691555899004946,24.01010586043801,PAUSED,3,EdgeCase_TO_3p5_station
2026-09-22T12:49:48.761+01:00,42.478986418493506,1.6433889621146744,23.81490868435366,PAUSED,3,EdgeCase_TO_3p5_station
2026-09-22T12:49:48.861+01:00,42.29792687042142,1.616920015265052,23.621607401568347,PAUSED,3,EdgeCase_TO_3p5_station
2026-09-22T12:49:48.961+01:00,42.09390719665372,1.5898783942398882,23.430511252899155,PAUSED,3,EdgeCase_TO_3p5_station
2026-09-22T12:49:49.061+01:00,41.86896589433075,1.5623965488852662,23.241925951418878,PAUSED,3,EdgeCase_TO_3p5_station
2026-09-22T12:49:49.161+01:00,41.62535050258961,1.5346090852658063,23.05615319338054,PAUSED,3,EdgeCase_TO_3p5_station
2026-09-22T12:49:49.262+01:00,41.365495145896055,1.5066521063642515,22.873490175567586,RUNNING,3,EdgeCase_TO_3p5_station
2026-09-22T12:49:49.361+01:00,41.365495145896055,1.5066521063642515,22.873490175567586,RUNNING,3,EdgeCase_TO_3p5_station
2026-09-22T12:49:49.462+01:00,41.09199621307738,1.4786625454490945,22.69422911984249,RUNNING,3,EdgeCase_TO_3p5_station
2026-09-22T12:49:49.561+01:00,40.807586415063604,1.4507774953755188,22.51865680565412,RUNNING,3,EdgeCase_TO_3p5_station
2026-09-22T12:49:49.661+01:00,40.21748176234887,1.4231335371046598,22.347054111251694,RUNNING,3,EdgeCase_TO_3p5_station
2026-09-22T12:49:49.761+01:00,39.91768303827518,1.3691086522883982,22.179695564339653,RUNNING,3,EdgeCase_TO_3p5_station
2026-09-22T12:49:49.861+01:00,39.61870679807268,1.342992339601464,21.858774646827722,RUNNING,3,EdgeCase_TO_3p5_station
2026-09-22T12:49:49.961+01:00,39.323540313505056,1.3176450503556283,21.705725681236395,RUNNING,3,EdgeCase_TO_3p5_station
2026-09-22T12:49:50.061+01:00,39.035132790517046,1.2931909355607767,21.55794685181402,RUNNING,3,EdgeCase_TO_3p5_station
2026-09-22T12:49:50.161+01:00,38.7563659017435,1.2697497714587827,21.41567457316323,RUNNING,3,EdgeCase_TO_3p5_station
2026-09-22T12:49:50.261+01:00,38.49002499378895,1.2474363728595528,21.279136450580072,RUNNING,3,EdgeCase_TO_3p5_station
2026-09-22T12:49:50.361+01:00,38.23877125696508,1.2263600307781182,21.148550915934095,RUNNING,3,EdgeCase_TO_3p5_station
2026-09-22T12:49:50.461+01:00,38.0051151355568,1.2066239771273173,21.024126878223992,RUNNING,3,EdgeCase_TO_3p5_station
2026-09-22T12:49:50.562+01:00,37.79139124429277,1.188324879087934,20.90606338936768,RUNNING,3,EdgeCase_TO_3p5_station
2026-09-22T12:49:50.662+01:00,37.59973504164677,1.1715523656328928,20.79454932576181,RUNNING,3,EdgeCase_TO_3p5_station
2026-09-22T12:49:50.762+01:00,37.432061493042525,1.1563885885246066,20.68976308611976,RUNNING,3,EdgeCase_TO_3p5_station
2026-09-22T12:49:50.861+01:00,37.290045937152186,1.1429078199356673,20.59187230607175,RUNNING,3,EdgeCase_TO_3p5_station
2026-09-22T12:49:50.962+01:00,37.175107346466106,1.1311760886637943,20.501033589983617,RUNNING,3,EdgeCase_TO_3p5_station
2026-09-22T12:49:51.061+01:00,37.08839414938877,1.1212508567228145,20.41739226042318,RUNNING,3,EdgeCase_TO_3p5_station
2026-09-22T12:49:51.161+01:00,37.0307727555218,1.113180737893746,20.34108212567522,RUNNING,3,EdgeCase_TO_3p5_station
2026-09-22T12:49:51.261+01:00,37.00281889878563,1.1070052596145281,20.272225265676706,RUNNING,3,EdgeCase_TO_3p5_station
2026-09-22T12:49:51.361+01:00,37.004811884876425,1.102754669374643,20.210931836714956,RUNNING,3,EdgeCase_TO_3p5_station
2026-09-22T12:49:51.461+01:00,37.03673180053598,1.1004497865629324,20.157299895201085,RUNNING,3,EdgeCase_TO_3p5_station
2026-09-22T12:49:51.561+01:00,37.09825971251835,1.10010190049424,20.111415240800618,RUNNING,3,EdgeCase_TO_3p5_station
2026-09-22T12:49:51.661+01:00,37.18878085426541,1.1017127151143553,20.073351279172414,RUNNING,3,EdgeCase_TO_3p5_station
2026-09-22T12:49:51.761+01:00,37.30739076845115,1.1052743406540837,20.043168904535186,RUNNING,3,EdgeCase_TO_3p5_station
2026-09-22T12:49:51.861+01:00,37.45290434402025,1.1107693322733363,20.020916402249803,RUNNING,3,EdgeCase_TO_3p5_station
2026-09-22T12:49:51.962+01:00,37.62386765742601,1.1181707755059453,20.006629371572966,RUNNING,3,EdgeCase_TO_3p5_station
2026-09-22T12:49:52.061+01:00,37.81857249975384,1.1274424180867066,20.00033066870602,RUNNING,3,EdgeCase_TO_3p5_station
2026-09-22T12:49:52.161+01:00,38.03507344458007,1.138538847514959,20.002030370229907,RUNNING,3,EdgeCase_TO_3p5_station
2026-09-22T12:49:52.261+01:00,38.27120728602969,1.151405713484979,20.011725756984767,RUNNING,3,EdgeCase_TO_3p5_station
2026-09-22T12:49:52.361+01:00,38.52461465281441,1.165979994093766,20.02940131842003,RUNNING,3,EdgeCase_TO_3p5_station
2026-09-22T12:49:52.462+01:00,38.79276358229064,1.1821903045222804,20.05502877740799,RUNNING,3,EdgeCase_TO_3p5_station
2026-09-22T12:49:52.561+01:00,39.07297481899332,1.1999572466782549,20.088567135481163,RUNNING,3,EdgeCase_TO_3p5_station
2026-09-22T12:49:52.661+01:00,39.36244858487084,1.2191937980880136,20.1299627384211,RUNNING,3,EdgeCase_TO_3p5_station
2026-09-22T12:49:52.761+01:00,39.65829255374185,1.2398057381324883,20.17914936209369,RUNNING,3,EdgeCase_TO_3p5_station
2026-09-22T12:49:52.862+01:00,39.9575507504624,1.261692109539786,20.236048318393642,RUNNING,3,EdgeCase_TO_3p5_station
2026-09-22T12:49:52.961+01:00,40.25723308605249,1.2847457128738407,20.300568581128665,RUNNING,3,EdgeCase_TO_3p5_station
2026-09-22T12:49:53.061+01:00,40.554345233676685,1.3088536315972,20.372606931641986,RUNNING,3,EdgeCase_TO_3p5_station
2026-09-22T12:49:53.161+01:00,40.84591854696815,1.3338977851361742,20.452048123940145,RUNNING,3,EdgeCase_TO_3p5_station
2026-09-22T12:49:53.261+01:00,41.129039721761814,1.3597555072394056,20.538765069062006,RUNNING,3,EdgeCase_TO_3p5_station
2026-09-22T12:49:53.361+01:00,41.40087990486654,1.3863001467971363,20.632619038394004,RUNNING,3,EdgeCase_TO_3p5_station
2026-09-22T12:49:53.462+01:00,41.65872295903118,1.4134016881782587,20.733459885606308,RUNNING,3,EdgeCase_TO_3p5_station
2026-09-22T12:49:53.561+01:00,41.89999260169009,1.4409273880468167,20.841126286854976,RUNNING,3,EdgeCase_TO_3p5_station
2026-09-22T12:49:53.662+01:00,42.12227814632697,1.4687424255388035,20.955445998865603,RUNNING,3,EdgeCase_TO_3p5_station
2026-09-22T12:49:53.762+01:00,42.32335858925763,1.4967105626146615,21.07623613448587,RUNNING,3,EdgeCase_TO_3p5_station
2026-09-22T12:49:53.861+01:00,42.50122480116468,1.5246948113531669,21.20330345526598,RUNNING,3,EdgeCase_TO_3p5_station
2026-09-22T12:49:53.961+01:00,42.654099601653485,1.5525581049181736,21.33644468059891,RUNNING,3,EdgeCase_TO_3p5_station
2026-09-22T12:49:54.061+01:00,42.78045551625126,1.580163968911915,21.475446812926112,RUNNING,3,EdgeCase_TO_3p5_station
2026-09-22T12:49:54.161+01:00,42.87903003842705,1.6073771898265392,21.620087478488056,RUNNING,3,EdgeCase_TO_3p5_station
2026-09-22T12:49:54.261+01:00,42.94883824413968,1.6340644773197803,21.770135283074872,RUNNING,3,EdgeCase_TO_3p5_station
2026-09-22T12:49:54.361+01:00,42.989182632873195,1.660095117071021,21.925350182207705,RUNNING,3,EdgeCase_TO_3p5_station
2026-09-22T12:49:54.461+01:00,42.99966009683146,1.6853416110199457,22.085483865158665,RUNNING,3,EdgeCase_TO_3p5_station
2026-09-22T12:49:54.561+01:00,42.980165948657984,1.7096803018519813,22.250280152195117,RUNNING,3,EdgeCase_TO_3p5_station
2026-09-22T12:49:54.662+01:00,42.9308949674374,1.7329919786717662,22.419475404412438,RUNNING,3,EdgeCase_TO_3p5_station
2026-09-22T12:49:54.761+01:00,42.85233945252727,1.7551624608980363,22.59279894550015,RUNNING,3,EdgeCase_TO_3p5_station
2026-09-22T12:49:54.862+01:00,42.745284304665546,1.776083157520083,22.76997349476622,RUNNING,3,EdgeCase_TO_3p5_station
2026-09-22T12:49:54.961+01:00,42.610799183501946,1.7956515989764492,22.950715610727016,RUNNING,3,EdgeCase_TO_3p5_station
2026-09-22T12:49:55.061+01:00,42.45022781991227,1.8137719390507938,23.13473614455333,RUNNING,3,EdgeCase_TO_3p5_station
2026-09-22T12:49:55.162+01:00,42.26517458988367,1.8303554243266154,23.321740702646622,RUNNING,3,EdgeCase_TO_3p5_station
2026-09-22T12:49:55.261+01:00,42.05748848412012,1.8453208289014262,23.511430117606125,RUNNING,3,EdgeCase_TO_3p5_station
2026-09-22T12:49:55.362+01:00,41.829244633538515,1.858594852231204,23.703500926832817,RUNNING,3,EdgeCase_TO_3p5_station
2026-09-22T12:49:55.462+01:00,41.582723575246476,1.8701124781564031,23.897645858004825,RUNNING,3,EdgeCase_TO_3p5_station
2026-09-22T12:49:55.561+01:00,41.32038846616943,1.8798172933510762,24.09355432064772,RUNNING,3,EdgeCase_TO_3p5_station
2026-09-22T12:49:55.661+01:00,41.04486047200083,1.8876617636353175,24.29091290301281,RUNNING,3,EdgeCase_TO_3p5_station
2026-09-22T12:49:55.761+01:00,40.75889257738094,1.8936074667976452,24.489405873469234,RUNNING,3,EdgeCase_TO_3p5_station
2026-09-22T12:49:55.861+01:00,40.46534207898439,1.897625280786984,24.688715685607168,RUNNING,3,EdgeCase_TO_3p5_station
2026-09-22T12:49:55.961+01:00,40.16714203635628,1.899695526352449,24.888523486244317,RUNNING,3,EdgeCase_TO_3p5_station
2026-09-22T12:49:56.062+01:00,39.86727196575071,1.8998080634323098,25.088509625523123,RUNNING,3,EdgeCase_TO_3p5_station
2026-09-22T12:49:56.161+01:00,39.568728069789294,1.8979623408200053,25.28835416828214,RUNNING,3,EdgeCase_TO_3p5_station
2026-09-22T12:49:56.261+01:00,39.27449330039501,1.8941673988639562,25.48773740588418,RUNNING,3,EdgeCase_TO_3p5_station
2026-09-22T12:49:56.361+01:00,38.98750755412254,1.8884418251879413,25.686340367681904,RUNNING,3,EdgeCase_TO_3p5_station
2026-09-22T12:49:56.461+01:00,38.710638297683765,1.8808136636489248,25.88384533130277,RUNNING,3,EdgeCase_TO_3p5_station
2026-09-22T12:49:56.561+01:00,38.446651917168225,1.8713202769782609,26.0799363309372,RUNNING,3,EdgeCase_TO_3p5_station
2026-09-22T12:49:56.661+01:00,38.19818607722773,1.8600081637790509,26.27429966281626,RUNNING,3,EdgeCase_TO_3p5_station
2026-09-22T12:49:56.761+01:00,37.96772336640308,1.846932730776019,26.466624387070915,RUNNING,3,EdgeCase_TO_3p5_station
2026-09-22T12:49:56.861+01:00,37.75756649191999,1.8321580214333886,26.65660282516944,RUNNING,3,EdgeCase_TO_3p5_station
2026-09-22T12:49:56.961+01:00,37.56981527179966,1.8157564022700354,26.84393105213741,RUNNING,3,EdgeCase_TO_3p5_station
2026-09-22T12:49:57.061+01:00,37.40634565417124,1.7978082084083133,27.028309382772978,RUNNING,3,EdgeCase_TO_3p5_station
2026-09-22T12:49:57.161+01:00,37.2687909734182,1.7784013500926608,27.209442851079032,RUNNING,3,EdgeCase_TO_3p5_station
2026-09-22T12:49:57.261+01:00,37.15852563044108,1.7576308821052853,27.38704168214603,RUNNING,3,EdgeCase_TO_3p5_station
2026-09-22T12:49:57.361+01:00,37.076651360098055,1.7355985381878636,27.560821755729993,RUNNING,3,EdgeCase_TO_3p5_station
2026-09-22T12:49:57.461+01:00,37.02398622303434,1.7124122327497426,27.730505060784267,RUNNING,3,EdgeCase_TO_3p5_station
2026-09-22T12:49:57.561+01:00,37.001056431890696,1.6881855323032129,27.895820140217996,RUNNING,3,EdgeCase_TO_3p5_station
2026-09-22T12:49:57.661+01:00,37.00809109356065,1.6630370992147843,28.056502525169392,RUNNING,3,EdgeCase_TO_3p5_station
2026-09-22T12:49:57.761+01:00,37.04501992003016,1.6370901104969946,28.212295158099614,RUNNING,3,EdgeCase_TO_3p5_station
2026-09-22T12:49:57.861+01:00,37.11147393067216,1.6104716544874351,28.362948804029962,RUNNING,3,EdgeCase_TO_3p5_station
2026-09-22T12:49:57.961+01:00,37.20678913897912,1.5833121083701567,28.508222449264654,RUNNING,3,EdgeCase_TO_3p5_station
2026-09-22T12:49:58.062+01:00,37.33001318689664,1.5557444995882836,28.647883686961425,RUNNING,3,EdgeCase_TO_3p5_station
2026-09-22T12:49:58.161+01:00,37.47991486047039,1.5279038542756598,28.78170908893274,RUNNING,3,EdgeCase_TO_3p5_station
2026-09-22T12:49:58.261+01:00,37.65499639172892,1.499926535898934,28.909484563083343,RUNNING,3,EdgeCase_TO_3p5_station
2026-09-22T12:49:58.361+01:00,37.85350842388616,1.4719495773493383,29.031005695911904,RUNNING,3,EdgeCase_TO_3p5_station
2026-09-22T12:49:58.461+01:00,37.85350842388616,1.4719495773493383,29.031005695911904,PAUSED,4,3p5_station_TO_meca_ear
2026-09-22T12:49:58.561+01:00,38.31267583279572,1.4441100097556763,29.14607807952901,PAUSED,4,3p5_station_TO_meca_ear
2026-09-22T12:49:58.662+01:00,38.56874336057877,1.389387139364865,29.25451762266837,PAUSED,4,3p5_station_TO_meca_ear
2026-09-22T12:49:58.761+01:00,38.83911153159238,1.362771869159175,29.45081515562891,PAUSED,4,3p5_station_TO_meca_ear
2026-09-22T12:49:58.861+01:00,39.12107891644361,1.3368287422688292,29.538359111271923,PAUSED,4,3p5_station_TO_meca_ear
2026-09-22T12:49:58.961+01:00,39.411828190229045,1.3116848281161946,29.618642660468527,PAUSED,4,3p5_station_TO_meca_ear
2026-09-22T12:49:59.061+01:00,39.708454282313966,1.287463281580054,29.691537366666285,PAUSED,4,3p5_station_TO_meca_ear
2026-09-22T12:49:59.161+01:00,40.0079934028378,1.264282739783067,29.756926613885305,PAUSED,4,3p5_station_TO_meca_ear
2026-09-22T12:49:59.261+01:00,40.30745265592275,1.2422567410072223,29.814705793278996,PAUSED,4,3p5_station_TO_meca_ear
2026-09-22T12:49:59.361+01:00,40.60383994370005,1.2214931685833619,29.8647824704859,PAUSED,4,3p5_station_TO_meca_ear
2026-09-22T12:49:59.462+01:00,40.894193862362854,1.2020937224786998,29.907076533504927,PAUSED,4,3p5_station_TO_meca_ear
2026-09-22T12:49:59.561+01:00,41.17561329153412,1.1841534211704294,29.941520320857524,PAUSED,4,3p5_station_TO_meca_ear
2026-09-22T12:49:59.661+01:00,41.445286381302466,1.167760136245268,29.968058729831526,PAUSED,4,3p5_station_TO_meca_ear
2026-09-22T12:49:59.761+01:00,41.700518647296995,1.1529941620044812,29.986649304633804,PAUSED,4,3p5_station_TO_meca_ear
2026-09-22T12:49:59.861+01:00,41.938759893084466,1.1399278221824172,29.997262304310453,PAUSED,4,3p5_station_TO_meca_ear
2026-09-22T12:49:59.961+01:00,42.15762969088906,1.1286251157049054,29.99988075032597,PAUSED,4,3p5_station_TO_meca_ear
2026-09-22T12:50:00.062+01:00,42.354941166039836,1.1191414032225475,29.994500453725312,RUNNING,4,3p5_station_TO_meca_ear
2026-09-22T12:50:00.161+01:00,42.354941166039836,1.1191414032225475,29.994500453725312,RUNNING,4,3p5_station_TO_meca_ear
2026-09-22T12:50:00.261+01:00,42.5287228474996,1.1115231359542763,29.9811300218353,RUNNING,4,3p5_station_TO_meca_ear
2026-09-22T12:50:00.361+01:00,42.6772383661518,1.1058076281693159,29.959790844494748,RUNNING,4,3p5_station_TO_meca_ear
2026-09-22T12:50:00.461+01:00,42.892802521119506,1.1020228744219,29.93051705983529,RUNNING,4,3p5_station_TO_meca_ear
2026-09-22T12:50:00.561+01:00,42.95769731165463,1.100310232297402,29.893355499667642,RUNNING,4,3p5_station_TO_meca_ear
2026-09-22T12:50:00.661+01:00,42.993039768336445,1.1023907324405788,29.795619378733274,RUNNING,4,3p5_station_TO_meca_ear
2026-09-22T12:50:00.761+01:00,42.998476761020456,1.1064187225748485,29.73520117491079,RUNNING,4,3p5_station_TO_meca_ear
2026-09-22T12:50:00.864+01:00,42.97395396507299,1.112374473606574,29.66720765933083,RUNNING,4,3p5_station_TO_meca_ear
2026-09-22T12:50:00.961+01:00,42.919716404165,1.1202288142702186,29.59174760711382,RUNNING,4,3p5_station_TO_meca_ear
2026-09-22T12:50:01.061+01:00,42.83630600207652,1.1299432740091908,29.508941738245994,RUNNING,4,3p5_station_TO_meca_ear
2026-09-22T12:50:01.161+01:00,42.72455616797341,1.1414702714046128,29.418922524453247,RUNNING,4,3p5_station_TO_meca_ear
2026-09-22T12:50:01.261+01:00,42.58558346925844,1.1547533472290759,29.321833977274572,RUNNING,4,3p5_station_TO_meca_ear
2026-09-22T12:50:01.362+01:00,42.420776475198906,1.1697274409839227,29.217831417674333,RUNNING,4,3p5_station_TO_meca_ear
2026-09-22T12:50:01.462+01:00,42.2317818828015,1.1863192095655273,29.107081227561885,RUNNING,4,3p5_station_TO_meca_ear
2026-09-22T12:50:01.561+01:00,42.02048806356015,1.2044473864997818,28.98976058361592,RUNNING,4,3p5_station_TO_meca_ear
2026-09-22T12:50:01.661+01:00,41.78900619547227,1.2240231799852495,28.866057173839696,RUNNING,4,3p5_station_TO_meca_ear
2026-09-22T12:50:01.761+01:00,41.539649168846054,1.2449507077953466,28.73616889730021,RUNNING,4,3p5_station_TO_meca_ear
2026-09-22T12:50:01.861+01:00,41.27490847666508,1.2671274669094643,28.6003035475319,RUNNING,4,3p5_station_TO_meca_ear
2026-09-22T12:50:01.961+01:00,40.997429320413985,1.2904448355726956,28.45867848011136,RUNNING,4,3p5_station_TO_meca_ear
2026-09-22T12:50:02.061+01:00,40.70998418009961,1.3147886053251394,28.311520264934675,RUNNING,4,3p5_station_TO_meca_ear
2026-09-22T12:50:02.161+01:00,40.415445112547246,1.3400395403948853,28.159064323754073,RUNNING,4,3p5_station_TO_meca_ear
2026-09-22T12:50:02.261+01:00,40.11675505475821,1.3660739617147426,28.001554553553248,RUNNING,4,3p5_station_TO_meca_ear
2026-09-22T12:50:02.362+01:00,39.816898419056116,1.3927643527022793,27.839242936364226,RUNNING,4,3p5_station_TO_meca_ear
2026-09-22T12:50:02.461+01:00,39.51887127382548,1.4199799838359588,27.672389136149906,RUNNING,4,3p5_station_TO_meca_ear
2026-09-22T12:50:02.562+01:00,39.22565140778677,1.4475875529682751,27.501260083396996,RUNNING,4,3p5_station_TO_meca_ear
2026-09-22T12:50:02.661+01:00,38.94016857691584,1.4754518382396082,27.326129548084342,RUNNING,4,3p5_station_TO_meca_ear
2026-09-22T12:50:02.761+01:00,38.66527523129067,1.503436360394803,27.14727770170926,RUNNING,4,3p5_station_TO_meca_ear
2026-09-22T12:50:02.862+01:00,38.403718014353096,1.5314040512585247,26.96499066907292,RUNNING,4,3p5_station_TO_meca_ear
2026-09-22T12:50:02.961+01:00,38.15811031935543,1.5592179250950904,26.779560070541752,RUNNING,4,3p5_station_TO_meca_ear
2026-09-22T12:50:03.062+01:00,37.93090617719899,1.5867417495645377,26.59128255551692,RUNNING,4,3p5_station_TO_meca_ear
2026-09-22T12:50:03.161+01:00,37.72437573656848,1.6138407129885632,26.40045932785877,RUNNING,4,3p5_station_TO_meca_ear
2026-09-22T12:50:03.262+01:00,37.540582581356816,1.6403820846580324,26.207395664024762,RUNNING,4,3p5_station_TO_meca_ear
2026-09-22T12:50:03.361+01:00,37.38136311201691,1.6662358649479585,26.012400424692323,RUNNING,4,3p5_station_TO_meca_ear
2026-09-22T12:50:03.462+01:00,37.24830819685547,1.691275422055578,25.81578556064765,RUNNING,4,3p5_station_TO_meca_ear
2026-09-22T12:50:03.562+01:00,37.14274727660266,1.7153781122428615,25.617865613730878,RUNNING,4,3p5_station_TO_meca_ear
2026-09-22T12:50:03.661+01:00,37.06573508107986,1.7384258805454864,25.41895721363644,RUNNING,4,3p5_station_TO_meca_ear
2026-09-22T12:50:03.761+01:00,37.01804109068787,1.7603058390059716,25.219378571372953,RUNNING,4,3p5_station_TO_meca_ear
2026-09-22T12:50:03.862+01:00,37.00014184801317,1.7809108195988659,25.019448970193533,RUNNING,4,3p5_station_TO_meca_ear
2026-09-22T12:50:03.961+01:00,37.01221619637186,1.8001398991396633,24.819488254810736,RUNNING,4,3p5_station_TO_meca_ear
2026-09-22T12:50:04.061+01:00,37.05414349286637,1.8178988936065137,24.619816319713085,RUNNING,4,3p5_station_TO_meca_ear
2026-09-22T12:50:04.161+01:00,37.125504813809464,1.8341008194535173,24.420752597402366,RUNNING,4,3p5_station_TO_meca_ear
2026-09-22T12:50:04.262+01:00,37.22558714047119,1.8486663196560762,24.222615547369617,RUNNING,4,3p5_station_TO_meca_ear
2026-09-22T12:50:04.361+01:00,37.35339048332637,1.8615240524015801,24.025722146627903,RUNNING,4,3p5_station_TO_meca_ear
2026-09-22T12:50:04.461+01:00,37.50763787361935,1.8726110405215548,23.830387382616763,RUNNING,4,3p5_station_TO_meca_ear
2026-09-22T12:50:04.561+01:00,37.686788122413745,1.8818729799538048,23.63692374928935,RUNNING,4,3p5_station_TO_meca_ear
2026-09-22T12:50:04.661+01:00,37.889051219642795,1.8892645057236839,23.44564074718898,RUNNING,4,3p5_station_TO_meca_ear
2026-09-22T12:50:04.761+01:00,38.11240621929828,1.8947494141417125,23.256844388314153,RUNNING,4,3p5_station_TO_meca_ear
2026-09-22T12:50:04.861+01:00,38.354621432054984,1.8983008401292394,23.07083670656466,RUNNING,4,3p5_station_TO_meca_ear
2026-09-22T12:50:04.961+01:00,38.613276723572746,1.8999013888035767,22.887915274551805,RUNNING,4,3p5_station_TO_meca_ear
2026-09-22T12:50:05.061+01:00,38.8857876956788,1.8995432206781282,22.70837272754559,RUNNING,4,3p5_station_TO_meca_ear
2026-09-22T12:50:05.161+01:00,39.16943150882001,1.89722809006019,22.532496295320893,RUNNING,4,3p5_station_TO_meca_ear
2026-09-22T12:50:05.262+01:00,39.46137408777565,1.8929673364583572,22.360567342650963,RUNNING,4,3p5_station_TO_meca_ear
2026-09-22T12:50:05.362+01:00,39.75869843880018,1.8867818290416132,22.192860919183858,RUNNING,4,3p5_station_TO_meca_ear
2026-09-22T12:50:05.462+01:00,40.05843379526053,1.8787018644221514,22.029645319421686,RUNNING,4,3p5_station_TO_meca_ear
2026-09-22T12:50:05.562+01:00,40.35758530055428,1.868767018262585,21.87118165350654,RUNNING,4,3p5_station_TO_meca_ear
2026-09-22T12:50:05.662+01:00,40.65316393172687,1.8570259514343688,21.717723429500133,RUNNING,4,3p5_station_TO_meca_ear
2026-09-22T12:50:05.761+01:00,40.94221636480094,1.8435361716768843,21.56951614782487,RUNNING,4,3p5_station_TO_meca_ear
2026-09-22T12:50:05.861+01:00,41.221854483413246,1.8283637519245481,21.42679690851556,RUNNING,4,3p5_station_TO_meca_ear
2026-09-22T12:50:05.961+01:00,41.48928423591868,1.8115830066816216,21.289794031909977,RUNNING,4,3p5_station_TO_meca_ear
2026-09-22T12:50:06.061+01:00,41.74183355263073,1.793276128029804,21.158726693384917,RUNNING,4,3p5_station_TO_meca_ear
2026-09-22T12:50:06.161+01:00,41.97697904425852,1.7735327830514542,21.03380457272251,RUNNING,4,3p5_station_TO_meca_ear
2026-09-22T12:50:06.261+01:00,42.19237121477846,1.752449674640283,20.91522751866718,RUNNING,4,3p5_station_TO_meca_ear
2026-09-22T12:50:06.361+01:00,42.38585793682192,1.7301300678506046,20.803185229210325,RUNNING,4,3p5_station_TO_meca_ear
2026-09-22T12:50:06.462+01:00,42.55550595502043,1.7066832841051687,20.697856948114016,RUNNING,4,3p5_station_TO_meca_ear
2026-09-22T12:50:06.561+01:00,42.69962020245434,1.6822241657388832,20.599411178159137,RUNNING,4,3p5_station_TO_meca_ear
2026-09-22T12:50:06.661+01:00,42.81676073720112,1.6568725135011109,20.50800541157699,RUNNING,4,3p5_station_TO_meca_ear
2026-09-22T12:50:06.761+01:00,42.9057571297591,1.6307524997716805,20.42378587809524,RUNNING,4,3p5_station_TO_meca_ear
2026-09-22T12:50:06.862+01:00,42.96572015759214,1.6039920603646025,20.346887311001595,RUNNING,4,3p5_station_TO_meca_ear
2026-09-22T12:50:06.961+01:00,42.99605068994726,1.5767222678985369,20.277432731599262,RUNNING,4,3p5_station_TO_meca_ear
2026-09-22T12:50:07.061+01:00,42.99644567417112,1.5490766898031687,20.21553325239907,RUNNING,4,3p5_station_TO_meca_ear
2026-09-22T12:50:07.161+01:00,42.96690116371191,1.5211907341059991,20.16128789936323,RUNNING,4,3p5_station_TO_meca_ear
2026-09-22T12:50:07.261+01:00,42.907712357552036,1.4932009862039186,20.114783453484883,RUNNING,4,3p5_station_TO_meca_ear
2026-09-22T12:50:07.362+01:00,42.81947065067742,1.465244539867967,20.07609431195701,RUNNING,4,3p5_station_TO_meca_ear
2026-09-22T12:50:07.461+01:00,42.70305772505432,1.4374583257581364,20.04528236915282,RUNNING,4,3p5_station_TO_meca_ear
2026-09-22T12:50:07.561+01:00,42.55963674015457,1.4099784407370612,20.02239691760792,RUNNING,4,3p5_station_TO_meca_ear
2026-09-22T12:50:07.661+01:00,42.390640711050615,1.3829394812676494,20.007474569162824,RUNNING,4,3p5_station_TO_meca_ear
2026-09-22T12:50:07.761+01:00,42.1977581902026,1.356473884159696,20.000539196391777,RUNNING,4,3p5_station_TO_meca_ear
2026-09-22T12:50:07.861+01:00,41.98291639600035,1.3307112778944234,20.001601894411746,RUNNING,4,3p5_station_TO_meca_ear
2026-09-22T12:50:07.961+01:00,41.74826195663428,1.3057778477042694,20.010660963132594,RUNNING,4,3p5_station_TO_meca_ear
2026-09-22T12:50:08.061+01:00,41.49613946169609,1.2817957175176744,20.027701909976866,RUNNING,4,3p5_station_TO_meca_ear
2026-09-22T12:50:08.161+01:00,41.22906803581459,1.2588823517961398,20.052697473064825,RUNNING,4,3p5_station_TO_meca_ear
2026-09-22T12:50:08.261+01:00,40.94971616839511,1.237149980193372,20.085607664827624,RUNNING,4,3p5_station_TO_meca_ear
2026-09-22T12:50:08.362+01:00,40.660875050955454,1.2167050478544676,20.126379835978916,RUNNING,4,3p5_station_TO_meca_ear
2026-09-22T12:50:08.461+01:00,40.3654306884629,1.1976476940476664,20.174948759742446,RUNNING,4,3p5_station_TO_meca_ear
2026-09-22T12:50:08.561+01:00,40.06633506332655,1.1800712616822597,20.231236736201026,RUNNING,4,3p5_station_TO_meca_ear
2026-09-22T12:50:08.661+01:00,39.7665766401649,1.1640618401150673,20.29515371659978,RUNNING,4,3p5_station_TO_meca_ear
2026-09-22T12:50:08.761+01:00,39.469150506055215,1.1496978434848217,20.366597447404963,RUNNING,4,3p5_station_TO_meca_ear
2026-09-22T12:50:08.862+01:00,39.17702844461351,1.1370496266397385,20.4454536338878,RUNNING,4,3p5_station_TO_meca_ear
2026-09-22T12:50:08.962+01:00,38.893129242915,1.1261791405395178,20.531596122971667,RUNNING,4,3p5_station_TO_meca_ear
2026-09-22T12:50:09.061+01:00,38.62028952793845,1.1171396288195716,20.624887105050135,RUNNING,4,3p5_station_TO_meca_ear
2026-09-22T12:50:09.161+01:00,38.361235423927106,1.109975367003724,20.725177334452884,RUNNING,4,3p5_station_TO_meca_ear
2026-09-22T12:50:09.261+01:00,38.11855531385632,1.104721445642723,20.832306368206975,RUNNING,4,3p5_station_TO_meca_ear
2026-09-22T12:50:09.361+01:00,37.89467397716656,1.1014035984407318,20.946102822711378,RUNNING,4,3p5_station_TO_meca_ear
2026-09-22T12:50:09.461+01:00,37.69182836216869,1.1000380762116646,21.066384647914145,RUNNING,4,3p5_station_TO_meca_ear
2026-09-22T12:50:09.562+01:00,37.51204523519593,1.1006315672827078,21.192959418553748,RUNNING,4,3p5_station_TO_meca_ear
2026-09-22T12:50:09.661+01:00,37.357120929824575,1.1031811647348972,21.325624641998324,RUNNING,4,3p5_station_TO_meca_ear
2026-09-22T12:50:09.761+01:00,37.22860339850274,1.1076743806412022,21.464168082190763,RUNNING,4,3p5_station_TO_meca_ear
2026-09-22T12:50:09.861+01:00,37.12777674592115,1.1140892072323898,21.608368099181117,RUNNING,4,3p5_station_TO_meca_ear
2026-09-22T12:50:09.962+01:00,37.055648398663536,1.1223942246910663,21.757994003703203,RUNNING,4,3p5_station_TO_meca_ear
2026-09-22T12:50:10.061+01:00,37.01293903933323,1.132548755045926,21.912806426228332,RUNNING,4,3p5_station_TO_meca_ear
2026-09-22T12:50:10.161+01:00,37.00007540573083,1.144503061412437,22.07255769990532,RUNNING,4,3p5_station_TO_meca_ear
2026-09-22T12:50:10.261+01:00,37.01718602703113,1.1581985916040671,22.236992256774744,RUNNING,4,3p5_station_TO_meca_ear
2026-09-22T12:50:10.361+01:00,37.06409993956213,1.1735682649208778,22.405847036623115,RUNNING,4,3p5_station_TO_meca_ear
2026-09-22T12:50:10.461+01:00,37.14034839501748,1.1905368007107486,22.57885190782307,RUNNING,4,3p5_station_TO_meca_ear
2026-09-22T12:50:10.561+01:00,37.245169544034674,1.2090210870939764,22.75573009948649,RUNNING,4,3p5_station_TO_meca_ear
2026-09-22T12:50:10.661+01:00,37.377516048341995,1.2289305880452237,22.936198644238694,RUNNING,4,3p5_station_TO_meca_ear
2026-09-22T12:50:10.761+01:00,37.536065545416335,1.2501677868389087,23.119968830905968,RUNNING,4,3p5_station_TO_meca_ear
2026-09-22T12:50:10.861+01:00,37.719233861092434,1.2726286636861017,23.30674666639187,RUNNING,4,3p5_station_TO_meca_ear
2026-09-22T12:50:10.962+01:00,37.92519083810744,1.296203205223383,23.496233346003393,RUNNING,4,3p5_station_TO_meca_ear
2026-09-22T12:50:11.061+01:00,38.15187862242735,1.3207759433582449,23.688125731474905,RUNNING,4,3p5_station_TO_meca_ear
2026-09-22T12:50:11.161+01:00,38.397032224644256,1.3462265208317554,23.88211683592447,RUNNING,4,3p5_station_TO_meca_ear
2026-09-22T12:50:11.261+01:00,38.397032224644256,1.3462265208317554,23.88211683592447,COMPLETE,4,3p5_station_TO_meca_ear
2026-09-22T12:50:11.362+01:00,38.93277887792717,1.3724302807283315,24.077896314967536,COMPLETE,4,3p5_station_TO_meca_ear
2026-09-22T12:50:11.461+01:00,39.21801892552788,1.4265809033314263,24.27515096320169,COMPLETE,4,3p5_station_TO_meca_ear
2026-09-22T12:50:11.561+01:00,39.51107226953613,1.4542625363158654,24.672821650690757,COMPLETE,4,3p5_station_TO_meca_ear
2026-09-22T12:50:11.661+01:00,39.80901081780915,1.4821681913742666,24.872601501677615,COMPLETE,4,3p5_station_TO_meca_ear
2026-09-22T12:50:11.761+01:00,40.108857666858,1.510161186622278,25.07258516308489,COMPLETE,4,3p5_station_TO_meca_ear
2026-09-22T12:50:11.861+01:00,40.40761684608316,1.5381044123833607,25.272452703715242,COMPLETE,4,3p5_station_TO_meca_ear
2026-09-22T12:50:11.961+01:00,40.702303252522476,1.5658610027518918,25.47188437813976,COMPLETE,4,3p5_station_TO_meca_ear
2026-09-22T12:50:12.061+01:00,40.989972477013175,1.5932950059623068,25.67056113822258,COMPLETE,4,3p5_station_TO_meca_ear
2026-09-22T12:50:12.161+01:00,41.26775022375496,1.6202720502807832,25.868165143529666,COMPLETE,4,3p5_station_TO_meca_ear
2026-09-22T12:50:12.261+01:00,41.532861029323485,1.646660002157904,26.064380269805785,COMPLETE,4,3p5_station_TO_meca_ear
2026-09-22T12:50:12.362+01:00,41.78265599418351,1.6723296134187475,26.2588926147059,COMPLETE,4,3p5_station_TO_meca_ear
2026-09-22T12:50:12.461+01:00,42.014639249617375,1.6971551543203613,26.45139099997188,COMPLETE,4,3p5_station_TO_meca_ear
2026-09-22T12:50:12.561+01:00,42.22649289562026,1.7210150293759847,26.641567469251513,COMPLETE,4,3p5_station_TO_meca_ear
